Title,Link
Phong bì chứa chất cực độc gửi tới Trump,https://vnexpress.net/phong-bi-chua-chat-cuc-doc-gui-toi-trump-4164519.html
"Bắt cá, hái rau dại mưu sinh ở Sài Gòn",https://vnexpress.net/bat-ca-hai-rau-dai-muu-sinh-o-sai-gon-4160106.html
9 giờ sửa gương mặt 'như hóa thạch nghìn năm',https://vnexpress.net/9-gio-sua-guong-mat-nhu-hoa-thach-nghin-nam-4164439.html
'Phát điên' khi dạy con học bài,https://vnexpress.net/phat-dien-khi-day-con-hoc-bai-4164302.html
Man Utd thua trận ra quân Ngoại hạng Anh,https://vnexpress.net/man-utd-thua-tran-ra-quan-ngoai-hang-anh-4164484.html
Phơi cá khô Việt Nam vào top ảnh ấn tượng,https://vnexpress.net/phoi-ca-kho-viet-nam-vao-top-anh-an-tuong-4164321.html
7 nút giao thông quan trọng ở cửa ngõ TP HCM,https://vnexpress.net/7-nut-giao-thong-quan-trong-o-cua-ngo-tp-hcm-4164404.html
Hơn 280.000 hộ dân ở Huế bị mất điện,https://vnexpress.net/hon-280-000-ho-dan-o-hue-bi-mat-dien-4164435.html
Nhạc sĩ Phó Đức Phương trong ký ức người ở lại,https://vnexpress.net/nhac-si-pho-duc-phuong-trong-ky-uc-nguoi-o-lai-4164349.html
Quốc Tuấn hạnh phúc nhìn con trai trưởng thành,https://vnexpress.net/quoc-tuan-hanh-phuc-nhin-con-trai-truong-thanh-4160571.html
"Trump ủng hộ Oracle, Walmart mua lại TikTok",https://vnexpress.net/trump-ung-ho-oracle-walmart-mua-lai-tiktok-4164495.html
Nadal bị loại ở tứ kết Rome Masters,https://vnexpress.net/nadal-bi-loai-o-tu-ket-rome-masters-4164496.html
Miền núi Quảng Trị trong sương sớm,https://vnexpress.net/mien-nui-quang-tri-trong-suong-som-4162878.html
Làn sóng tuyển giám đốc quản lý công việc từ xa,https://vnexpress.net/lan-song-tuyen-giam-doc-quan-ly-cong-viec-tu-xa-4164483.html
"Tôm hùm, cua hoàng đế Canada được chuộng",https://vnexpress.net/tom-hum-cua-hoang-de-canada-duoc-chuong-4164279.html
Sorento hay Santa Fe - cuộc chiến xe Hàn gầm cao 7 chỗ,https://vnexpress.net/sorento-hay-santa-fe-cuoc-chien-xe-han-gam-cao-7-cho-4164228.html
17 ngày không lây nhiễm nCoV cộng đồng,https://vnexpress.net/17-ngay-khong-lay-nhiem-ncov-cong-dong-4164497.html
